{
	"total": 20,
	"rows": [
		{
			"id": "1",
			"name": "LG KS360",
			"price": 54,
			"status": true
		},
		{
			"id": "2",
			"name": "Sony Ericsson C510a Cyber-shot",
			"price": 180,
			"status": false
		},
		{
			"id": "3",
			"name": "LG PRADA KE850",
			"price": 155,
			"status": true
		},
		{
			"id": "4",
			"name": "Nokia N900 Smartphone 32 GB",
			"price": 499,
			"status": false
		},
		{
			"id": "5",
			"name": "Motorola RAZR V3",
			"price": 65,
			"status": true
		},
		{
			"id": "6",
			"name": "LG KC910 Renoir",
			"price": 242,
			"status": false
		},
		{
			"id": "7",
			"name": "BlackBerry Curve 8520 BlackBerry",
			"price": 299,
			"status": true
		},
		{
			"id": "8",
			"name": "Sony Ericsson W580i Walkman",
			"price": 120,
			"status": false
		},
		{
			"id": "9",
			"name": "Nokia E63 Smartphone 110 MB",
			"price": 170,
			"status": true
		},
		{
			"id": "10",
			"name": "Sony Ericsson W705a Walkman",
			"price": 274,
			"status": false
		},
		{
			"id": "11",
			"name": "Nokia 5310 XpressMusic",
			"price": 140,
			"status": true
		},
		{
			"id": "12",
			"name": "Motorola SLVR L6i",
			"price": 50,
			"status": false
		},
		{
			"id": "13",
			"name": "T-Mobile Sidekick 3 Smartphone 64 MB",
			"price": 75,
			"status": true
		},
		{
			"id": "14",
			"name": "Audiovox CDM8600",
			"price": 5,
			"status": false
		},
		{
			"id": "15",
			"name": "Nokia N85",
			"price": 315,
			"status": true
		},
		{
			"id": "16",
			"name": "Sony Ericsson XPERIA X1",
			"price": 399,
			"status": false
		},
		{
			"id": "17",
			"name": "Motorola W377",
			"price": 77,
			"status": true
		},
		{
			"id": "18",
			"name": "LG Xenon GR500",
			"price": 1,
			"status": false
		},
		{
			"id": "19",
			"name": "BlackBerry Curve 8900 BlackBerry",
			"price": 349,
			"status": true
		},
		{
			"id": "20",
			"name": "Samsung SGH U600 Ultra Edition 10.9",
			"price": 135,
			"status": false
		}
	]
}
