{
	"total": 20,
	"rows": [
		{
			"id": "1",
			"number": "39.17258181884654",
			"date": "Sat Jul 21 20:18:15 CST 2012",
			"boolean": true
		},
		{
			"id": "2",
			"number": "24.075418262708947",
			"date": "Sat Jul 21 20:18:16 CST 2012",
			"boolean": false
		},
		{
			"id": "3",
			"number": "68.22159994762322",
			"date": "Sat Jul 21 20:18:18 CST 2012",
			"boolean": true
		},
		{
			"id": "4",
			"number": "21.918066425462325",
			"date": "Sat Jul 21 20:18:21 CST 2012",
			"boolean": false
		},
		{
			"id": "5",
			"number": "40.76966556388223",
			"date": "Sat Jul 21 20:18:25 CST 2012",
			"boolean": true
		},
		{
			"id": "6",
			"number": "76.46605173594943",
			"date": "Sat Jul 21 20:18:30 CST 2012",
			"boolean": false
		},
		{
			"id": "7",
			"number": "26.610856881788926",
			"date": "Sat Jul 21 20:18:36 CST 2012",
			"boolean": true
		},
		{
			"id": "8",
			"number": "35.20568233695721",
			"date": "Sat Jul 21 20:18:43 CST 2012",
			"boolean": false
		},
		{
			"id": "9",
			"number": "86.2857820166615",
			"date": "Sat Jul 21 20:18:51 CST 2012",
			"boolean": true
		},
		{
			"id": "10",
			"number": "11.585151539900352",
			"date": "Sat Jul 21 20:19:00 CST 2012",
			"boolean": false
		},
		{
			"id": "11",
			"number": "65.0243078277922",
			"date": "Sat Jul 21 20:19:10 CST 2012",
			"boolean": true
		},
		{
			"id": "12",
			"number": "93.73294072065943",
			"date": "Sat Jul 21 20:19:21 CST 2012",
			"boolean": false
		},
		{
			"id": "13",
			"number": "20.860515508878407",
			"date": "Sat Jul 21 20:19:33 CST 2012",
			"boolean": true
		},
		{
			"id": "14",
			"number": "94.08247803849557",
			"date": "Sat Jul 21 20:19:46 CST 2012",
			"boolean": false
		},
		{
			"id": "15",
			"number": "14.768274769359568",
			"date": "Sat Jul 21 20:20:00 CST 2012",
			"boolean": true
		},
		{
			"id": "16",
			"number": "5.790226439012336",
			"date": "Sat Jul 21 20:20:15 CST 2012",
			"boolean": false
		},
		{
			"id": "17",
			"number": "2.1758842373185705",
			"date": "Sat Jul 21 20:20:31 CST 2012",
			"boolean": true
		},
		{
			"id": "18",
			"number": "6.21374645354924",
			"date": "Sat Jul 21 20:20:48 CST 2012",
			"boolean": false
		},
		{
			"id": "19",
			"number": "86.18261979025755",
			"date": "Sat Jul 21 20:21:06 CST 2012",
			"boolean": true
		},
		{
			"id": "20",
			"number": "17.926912822067308",
			"date": "Sat Jul 21 20:21:25 CST 2012",
			"boolean": false
		}
	]
}
