[
	{
		"id": "0",
		"date": "Sat Jul 21 22:18:39 CST 2012",
		"singleClickExpand": true,
		"children": [
			{
				"id": "0-0",
				"date": "Sat Jul 21 22:18:39 CST 2012",
				"leaf": true
			},
			{
				"id": "0-1",
				"date": "Sat Jul 21 22:18:40 CST 2012",
				"leaf": true
			},
			{
				"id": "0-2",
				"date": "Sat Jul 21 22:18:42 CST 2012",
				"leaf": true
			},
			{
				"id": "0-3",
				"date": "Sat Jul 21 22:18:45 CST 2012",
				"leaf": true
			},
			{
				"id": "0-4",
				"date": "Sat Jul 21 22:18:49 CST 2012",
				"leaf": true
			},
			{
				"id": "0-5",
				"date": "Sat Jul 21 22:18:54 CST 2012",
				"leaf": true
			},
			{
				"id": "0-6",
				"date": "Sat Jul 21 22:19:00 CST 2012",
				"leaf": true
			},
			{
				"id": "0-7",
				"date": "Sat Jul 21 22:19:07 CST 2012",
				"leaf": true
			},
			{
				"id": "0-8",
				"date": "Sat Jul 21 22:19:15 CST 2012",
				"leaf": true
			},
			{
				"id": "0-9",
				"date": "Sat Jul 21 22:19:24 CST 2012",
				"leaf": true
			}
		]
	},
	{
		"id": "1",
		"date": "Sat Jul 21 23:19:24 CST 2012",
		"singleClickExpand": true,
		"children": [
			{
				"id": "1-0",
				"date": "Sat Jul 21 23:19:24 CST 2012",
				"leaf": true
			},
			{
				"id": "1-1",
				"date": "Sat Jul 21 23:19:25 CST 2012",
				"leaf": true
			},
			{
				"id": "1-2",
				"date": "Sat Jul 21 23:19:27 CST 2012",
				"leaf": true
			},
			{
				"id": "1-3",
				"date": "Sat Jul 21 23:19:30 CST 2012",
				"leaf": true
			},
			{
				"id": "1-4",
				"date": "Sat Jul 21 23:19:34 CST 2012",
				"leaf": true
			},
			{
				"id": "1-5",
				"date": "Sat Jul 21 23:19:39 CST 2012",
				"leaf": true
			},
			{
				"id": "1-6",
				"date": "Sat Jul 21 23:19:45 CST 2012",
				"leaf": true
			},
			{
				"id": "1-7",
				"date": "Sat Jul 21 23:19:52 CST 2012",
				"leaf": true
			},
			{
				"id": "1-8",
				"date": "Sat Jul 21 23:20:00 CST 2012",
				"leaf": true
			},
			{
				"id": "1-9",
				"date": "Sat Jul 21 23:20:09 CST 2012",
				"leaf": true
			}
		]
	},
	{
		"id": "2",
		"date": "Sun Jul 22 01:20:09 CST 2012",
		"singleClickExpand": true,
		"children": [
			{
				"id": "2-0",
				"date": "Sun Jul 22 01:20:09 CST 2012",
				"leaf": true
			},
			{
				"id": "2-1",
				"date": "Sun Jul 22 01:20:10 CST 2012",
				"leaf": true
			},
			{
				"id": "2-2",
				"date": "Sun Jul 22 01:20:12 CST 2012",
				"leaf": true
			},
			{
				"id": "2-3",
				"date": "Sun Jul 22 01:20:15 CST 2012",
				"leaf": true
			},
			{
				"id": "2-4",
				"date": "Sun Jul 22 01:20:19 CST 2012",
				"leaf": true
			},
			{
				"id": "2-5",
				"date": "Sun Jul 22 01:20:24 CST 2012",
				"leaf": true
			},
			{
				"id": "2-6",
				"date": "Sun Jul 22 01:20:30 CST 2012",
				"leaf": true
			},
			{
				"id": "2-7",
				"date": "Sun Jul 22 01:20:37 CST 2012",
				"leaf": true
			},
			{
				"id": "2-8",
				"date": "Sun Jul 22 01:20:45 CST 2012",
				"leaf": true
			},
			{
				"id": "2-9",
				"date": "Sun Jul 22 01:20:54 CST 2012",
				"leaf": true
			}
		]
	},
	{
		"id": "3",
		"date": "Sun Jul 22 04:20:54 CST 2012",
		"singleClickExpand": true,
		"children": [
			{
				"id": "3-0",
				"date": "Sun Jul 22 04:20:54 CST 2012",
				"leaf": true
			},
			{
				"id": "3-1",
				"date": "Sun Jul 22 04:20:55 CST 2012",
				"leaf": true
			},
			{
				"id": "3-2",
				"date": "Sun Jul 22 04:20:57 CST 2012",
				"leaf": true
			},
			{
				"id": "3-3",
				"date": "Sun Jul 22 04:21:00 CST 2012",
				"leaf": true
			},
			{
				"id": "3-4",
				"date": "Sun Jul 22 04:21:04 CST 2012",
				"leaf": true
			},
			{
				"id": "3-5",
				"date": "Sun Jul 22 04:21:09 CST 2012",
				"leaf": true
			},
			{
				"id": "3-6",
				"date": "Sun Jul 22 04:21:15 CST 2012",
				"leaf": true
			},
			{
				"id": "3-7",
				"date": "Sun Jul 22 04:21:22 CST 2012",
				"leaf": true
			},
			{
				"id": "3-8",
				"date": "Sun Jul 22 04:21:30 CST 2012",
				"leaf": true
			},
			{
				"id": "3-9",
				"date": "Sun Jul 22 04:21:39 CST 2012",
				"leaf": true
			}
		]
	},
	{
		"id": "4",
		"date": "Sun Jul 22 08:21:39 CST 2012",
		"singleClickExpand": true,
		"children": [
			{
				"id": "4-0",
				"date": "Sun Jul 22 08:21:39 CST 2012",
				"leaf": true
			},
			{
				"id": "4-1",
				"date": "Sun Jul 22 08:21:40 CST 2012",
				"leaf": true
			},
			{
				"id": "4-2",
				"date": "Sun Jul 22 08:21:42 CST 2012",
				"leaf": true
			},
			{
				"id": "4-3",
				"date": "Sun Jul 22 08:21:45 CST 2012",
				"leaf": true
			},
			{
				"id": "4-4",
				"date": "Sun Jul 22 08:21:49 CST 2012",
				"leaf": true
			},
			{
				"id": "4-5",
				"date": "Sun Jul 22 08:21:54 CST 2012",
				"leaf": true
			},
			{
				"id": "4-6",
				"date": "Sun Jul 22 08:22:00 CST 2012",
				"leaf": true
			},
			{
				"id": "4-7",
				"date": "Sun Jul 22 08:22:07 CST 2012",
				"leaf": true
			},
			{
				"id": "4-8",
				"date": "Sun Jul 22 08:22:15 CST 2012",
				"leaf": true
			},
			{
				"id": "4-9",
				"date": "Sun Jul 22 08:22:24 CST 2012",
				"leaf": true
			}
		]
	},
	{
		"id": "5",
		"date": "Sun Jul 22 13:22:24 CST 2012",
		"singleClickExpand": true,
		"children": [
			{
				"id": "5-0",
				"date": "Sun Jul 22 13:22:24 CST 2012",
				"leaf": true
			},
			{
				"id": "5-1",
				"date": "Sun Jul 22 13:22:25 CST 2012",
				"leaf": true
			},
			{
				"id": "5-2",
				"date": "Sun Jul 22 13:22:27 CST 2012",
				"leaf": true
			},
			{
				"id": "5-3",
				"date": "Sun Jul 22 13:22:30 CST 2012",
				"leaf": true
			},
			{
				"id": "5-4",
				"date": "Sun Jul 22 13:22:34 CST 2012",
				"leaf": true
			},
			{
				"id": "5-5",
				"date": "Sun Jul 22 13:22:39 CST 2012",
				"leaf": true
			},
			{
				"id": "5-6",
				"date": "Sun Jul 22 13:22:45 CST 2012",
				"leaf": true
			},
			{
				"id": "5-7",
				"date": "Sun Jul 22 13:22:52 CST 2012",
				"leaf": true
			},
			{
				"id": "5-8",
				"date": "Sun Jul 22 13:23:00 CST 2012",
				"leaf": true
			},
			{
				"id": "5-9",
				"date": "Sun Jul 22 13:23:09 CST 2012",
				"leaf": true
			}
		]
	},
	{
		"id": "6",
		"date": "Sun Jul 22 19:23:09 CST 2012",
		"singleClickExpand": true,
		"children": [
			{
				"id": "6-0",
				"date": "Sun Jul 22 19:23:09 CST 2012",
				"leaf": true
			},
			{
				"id": "6-1",
				"date": "Sun Jul 22 19:23:10 CST 2012",
				"leaf": true
			},
			{
				"id": "6-2",
				"date": "Sun Jul 22 19:23:12 CST 2012",
				"leaf": true
			},
			{
				"id": "6-3",
				"date": "Sun Jul 22 19:23:15 CST 2012",
				"leaf": true
			},
			{
				"id": "6-4",
				"date": "Sun Jul 22 19:23:19 CST 2012",
				"leaf": true
			},
			{
				"id": "6-5",
				"date": "Sun Jul 22 19:23:24 CST 2012",
				"leaf": true
			},
			{
				"id": "6-6",
				"date": "Sun Jul 22 19:23:30 CST 2012",
				"leaf": true
			},
			{
				"id": "6-7",
				"date": "Sun Jul 22 19:23:37 CST 2012",
				"leaf": true
			},
			{
				"id": "6-8",
				"date": "Sun Jul 22 19:23:45 CST 2012",
				"leaf": true
			},
			{
				"id": "6-9",
				"date": "Sun Jul 22 19:23:54 CST 2012",
				"leaf": true
			}
		]
	},
	{
		"id": "7",
		"date": "Mon Jul 23 02:23:54 CST 2012",
		"singleClickExpand": true,
		"children": [
			{
				"id": "7-0",
				"date": "Mon Jul 23 02:23:54 CST 2012",
				"leaf": true
			},
			{
				"id": "7-1",
				"date": "Mon Jul 23 02:23:55 CST 2012",
				"leaf": true
			},
			{
				"id": "7-2",
				"date": "Mon Jul 23 02:23:57 CST 2012",
				"leaf": true
			},
			{
				"id": "7-3",
				"date": "Mon Jul 23 02:24:00 CST 2012",
				"leaf": true
			},
			{
				"id": "7-4",
				"date": "Mon Jul 23 02:24:04 CST 2012",
				"leaf": true
			},
			{
				"id": "7-5",
				"date": "Mon Jul 23 02:24:09 CST 2012",
				"leaf": true
			},
			{
				"id": "7-6",
				"date": "Mon Jul 23 02:24:15 CST 2012",
				"leaf": true
			},
			{
				"id": "7-7",
				"date": "Mon Jul 23 02:24:22 CST 2012",
				"leaf": true
			},
			{
				"id": "7-8",
				"date": "Mon Jul 23 02:24:30 CST 2012",
				"leaf": true
			},
			{
				"id": "7-9",
				"date": "Mon Jul 23 02:24:39 CST 2012",
				"leaf": true
			}
		]
	},
	{
		"id": "8",
		"date": "Mon Jul 23 10:24:39 CST 2012",
		"singleClickExpand": true,
		"children": [
			{
				"id": "8-0",
				"date": "Mon Jul 23 10:24:39 CST 2012",
				"leaf": true
			},
			{
				"id": "8-1",
				"date": "Mon Jul 23 10:24:40 CST 2012",
				"leaf": true
			},
			{
				"id": "8-2",
				"date": "Mon Jul 23 10:24:42 CST 2012",
				"leaf": true
			},
			{
				"id": "8-3",
				"date": "Mon Jul 23 10:24:45 CST 2012",
				"leaf": true
			},
			{
				"id": "8-4",
				"date": "Mon Jul 23 10:24:49 CST 2012",
				"leaf": true
			},
			{
				"id": "8-5",
				"date": "Mon Jul 23 10:24:54 CST 2012",
				"leaf": true
			},
			{
				"id": "8-6",
				"date": "Mon Jul 23 10:25:00 CST 2012",
				"leaf": true
			},
			{
				"id": "8-7",
				"date": "Mon Jul 23 10:25:07 CST 2012",
				"leaf": true
			},
			{
				"id": "8-8",
				"date": "Mon Jul 23 10:25:15 CST 2012",
				"leaf": true
			},
			{
				"id": "8-9",
				"date": "Mon Jul 23 10:25:24 CST 2012",
				"leaf": true
			}
		]
	},
	{
		"id": "9",
		"date": "Mon Jul 23 19:25:24 CST 2012",
		"singleClickExpand": true,
		"children": [
			{
				"id": "9-0",
				"date": "Mon Jul 23 19:25:24 CST 2012",
				"leaf": true
			},
			{
				"id": "9-1",
				"date": "Mon Jul 23 19:25:25 CST 2012",
				"leaf": true
			},
			{
				"id": "9-2",
				"date": "Mon Jul 23 19:25:27 CST 2012",
				"leaf": true
			},
			{
				"id": "9-3",
				"date": "Mon Jul 23 19:25:30 CST 2012",
				"leaf": true
			},
			{
				"id": "9-4",
				"date": "Mon Jul 23 19:25:34 CST 2012",
				"leaf": true
			},
			{
				"id": "9-5",
				"date": "Mon Jul 23 19:25:39 CST 2012",
				"leaf": true
			},
			{
				"id": "9-6",
				"date": "Mon Jul 23 19:25:45 CST 2012",
				"leaf": true
			},
			{
				"id": "9-7",
				"date": "Mon Jul 23 19:25:52 CST 2012",
				"leaf": true
			},
			{
				"id": "9-8",
				"date": "Mon Jul 23 19:26:00 CST 2012",
				"leaf": true
			},
			{
				"id": "9-9",
				"date": "Mon Jul 23 19:26:09 CST 2012",
				"leaf": true
			}
		]
	}
]
