[
	{
		"text": "0",
		"id": "0",
		"singleClickExpand": true,
		"children": [
			{
				"text": "0-0",
				"id": "0-0",
				"leaf": true
			},
			{
				"text": "0-1",
				"id": "0-1",
				"leaf": true
			},
			{
				"text": "0-2",
				"id": "0-2",
				"leaf": true
			},
			{
				"text": "0-3",
				"id": "0-3",
				"leaf": true
			},
			{
				"text": "0-4",
				"id": "0-4",
				"leaf": true
			},
			{
				"text": "0-5",
				"id": "0-5",
				"leaf": true
			},
			{
				"text": "0-6",
				"id": "0-6",
				"leaf": true
			},
			{
				"text": "0-7",
				"id": "0-7",
				"leaf": true
			},
			{
				"text": "0-8",
				"id": "0-8",
				"leaf": true
			},
			{
				"text": "0-9",
				"id": "0-9",
				"leaf": true
			}
		]
	},
	{
		"text": "1",
		"id": "1",
		"singleClickExpand": true,
		"children": [
			{
				"text": "1-0",
				"id": "1-0",
				"leaf": true
			},
			{
				"text": "1-1",
				"id": "1-1",
				"leaf": true
			},
			{
				"text": "1-2",
				"id": "1-2",
				"leaf": true
			},
			{
				"text": "1-3",
				"id": "1-3",
				"leaf": true
			},
			{
				"text": "1-4",
				"id": "1-4",
				"leaf": true
			},
			{
				"text": "1-5",
				"id": "1-5",
				"leaf": true
			},
			{
				"text": "1-6",
				"id": "1-6",
				"leaf": true
			},
			{
				"text": "1-7",
				"id": "1-7",
				"leaf": true
			},
			{
				"text": "1-8",
				"id": "1-8",
				"leaf": true
			},
			{
				"text": "1-9",
				"id": "1-9",
				"leaf": true
			}
		]
	},
	{
		"text": "2",
		"id": "2",
		"singleClickExpand": true,
		"children": [
			{
				"text": "2-0",
				"id": "2-0",
				"leaf": true
			},
			{
				"text": "2-1",
				"id": "2-1",
				"leaf": true
			},
			{
				"text": "2-2",
				"id": "2-2",
				"leaf": true
			},
			{
				"text": "2-3",
				"id": "2-3",
				"leaf": true
			},
			{
				"text": "2-4",
				"id": "2-4",
				"leaf": true
			},
			{
				"text": "2-5",
				"id": "2-5",
				"leaf": true
			},
			{
				"text": "2-6",
				"id": "2-6",
				"leaf": true
			},
			{
				"text": "2-7",
				"id": "2-7",
				"leaf": true
			},
			{
				"text": "2-8",
				"id": "2-8",
				"leaf": true
			},
			{
				"text": "2-9",
				"id": "2-9",
				"leaf": true
			}
		]
	},
	{
		"text": "3",
		"id": "3",
		"singleClickExpand": true,
		"children": [
			{
				"text": "3-0",
				"id": "3-0",
				"leaf": true
			},
			{
				"text": "3-1",
				"id": "3-1",
				"leaf": true
			},
			{
				"text": "3-2",
				"id": "3-2",
				"leaf": true
			},
			{
				"text": "3-3",
				"id": "3-3",
				"leaf": true
			},
			{
				"text": "3-4",
				"id": "3-4",
				"leaf": true
			},
			{
				"text": "3-5",
				"id": "3-5",
				"leaf": true
			},
			{
				"text": "3-6",
				"id": "3-6",
				"leaf": true
			},
			{
				"text": "3-7",
				"id": "3-7",
				"leaf": true
			},
			{
				"text": "3-8",
				"id": "3-8",
				"leaf": true
			},
			{
				"text": "3-9",
				"id": "3-9",
				"leaf": true
			}
		]
	},
	{
		"text": "4",
		"id": "4",
		"singleClickExpand": true,
		"children": [
			{
				"text": "4-0",
				"id": "4-0",
				"leaf": true
			},
			{
				"text": "4-1",
				"id": "4-1",
				"leaf": true
			},
			{
				"text": "4-2",
				"id": "4-2",
				"leaf": true
			},
			{
				"text": "4-3",
				"id": "4-3",
				"leaf": true
			},
			{
				"text": "4-4",
				"id": "4-4",
				"leaf": true
			},
			{
				"text": "4-5",
				"id": "4-5",
				"leaf": true
			},
			{
				"text": "4-6",
				"id": "4-6",
				"leaf": true
			},
			{
				"text": "4-7",
				"id": "4-7",
				"leaf": true
			},
			{
				"text": "4-8",
				"id": "4-8",
				"leaf": true
			},
			{
				"text": "4-9",
				"id": "4-9",
				"leaf": true
			}
		]
	},
	{
		"text": "5",
		"id": "5",
		"singleClickExpand": true,
		"children": [
			{
				"text": "5-0",
				"id": "5-0",
				"leaf": true
			},
			{
				"text": "5-1",
				"id": "5-1",
				"leaf": true
			},
			{
				"text": "5-2",
				"id": "5-2",
				"leaf": true
			},
			{
				"text": "5-3",
				"id": "5-3",
				"leaf": true
			},
			{
				"text": "5-4",
				"id": "5-4",
				"leaf": true
			},
			{
				"text": "5-5",
				"id": "5-5",
				"leaf": true
			},
			{
				"text": "5-6",
				"id": "5-6",
				"leaf": true
			},
			{
				"text": "5-7",
				"id": "5-7",
				"leaf": true
			},
			{
				"text": "5-8",
				"id": "5-8",
				"leaf": true
			},
			{
				"text": "5-9",
				"id": "5-9",
				"leaf": true
			}
		]
	},
	{
		"text": "6",
		"id": "6",
		"singleClickExpand": true,
		"children": [
			{
				"text": "6-0",
				"id": "6-0",
				"leaf": true
			},
			{
				"text": "6-1",
				"id": "6-1",
				"leaf": true
			},
			{
				"text": "6-2",
				"id": "6-2",
				"leaf": true
			},
			{
				"text": "6-3",
				"id": "6-3",
				"leaf": true
			},
			{
				"text": "6-4",
				"id": "6-4",
				"leaf": true
			},
			{
				"text": "6-5",
				"id": "6-5",
				"leaf": true
			},
			{
				"text": "6-6",
				"id": "6-6",
				"leaf": true
			},
			{
				"text": "6-7",
				"id": "6-7",
				"leaf": true
			},
			{
				"text": "6-8",
				"id": "6-8",
				"leaf": true
			},
			{
				"text": "6-9",
				"id": "6-9",
				"leaf": true
			}
		]
	},
	{
		"text": "7",
		"id": "7",
		"singleClickExpand": true,
		"children": [
			{
				"text": "7-0",
				"id": "7-0",
				"leaf": true
			},
			{
				"text": "7-1",
				"id": "7-1",
				"leaf": true
			},
			{
				"text": "7-2",
				"id": "7-2",
				"leaf": true
			},
			{
				"text": "7-3",
				"id": "7-3",
				"leaf": true
			},
			{
				"text": "7-4",
				"id": "7-4",
				"leaf": true
			},
			{
				"text": "7-5",
				"id": "7-5",
				"leaf": true
			},
			{
				"text": "7-6",
				"id": "7-6",
				"leaf": true
			},
			{
				"text": "7-7",
				"id": "7-7",
				"leaf": true
			},
			{
				"text": "7-8",
				"id": "7-8",
				"leaf": true
			},
			{
				"text": "7-9",
				"id": "7-9",
				"leaf": true
			}
		]
	},
	{
		"text": "8",
		"id": "8",
		"singleClickExpand": true,
		"children": [
			{
				"text": "8-0",
				"id": "8-0",
				"leaf": true
			},
			{
				"text": "8-1",
				"id": "8-1",
				"leaf": true
			},
			{
				"text": "8-2",
				"id": "8-2",
				"leaf": true
			},
			{
				"text": "8-3",
				"id": "8-3",
				"leaf": true
			},
			{
				"text": "8-4",
				"id": "8-4",
				"leaf": true
			},
			{
				"text": "8-5",
				"id": "8-5",
				"leaf": true
			},
			{
				"text": "8-6",
				"id": "8-6",
				"leaf": true
			},
			{
				"text": "8-7",
				"id": "8-7",
				"leaf": true
			},
			{
				"text": "8-8",
				"id": "8-8",
				"leaf": true
			},
			{
				"text": "8-9",
				"id": "8-9",
				"leaf": true
			}
		]
	},
	{
		"text": "9",
		"id": "9",
		"singleClickExpand": true,
		"children": [
			{
				"text": "9-0",
				"id": "9-0",
				"leaf": true
			},
			{
				"text": "9-1",
				"id": "9-1",
				"leaf": true
			},
			{
				"text": "9-2",
				"id": "9-2",
				"leaf": true
			},
			{
				"text": "9-3",
				"id": "9-3",
				"leaf": true
			},
			{
				"text": "9-4",
				"id": "9-4",
				"leaf": true
			},
			{
				"text": "9-5",
				"id": "9-5",
				"leaf": true
			},
			{
				"text": "9-6",
				"id": "9-6",
				"leaf": true
			},
			{
				"text": "9-7",
				"id": "9-7",
				"leaf": true
			},
			{
				"text": "9-8",
				"id": "9-8",
				"leaf": true
			},
			{
				"text": "9-9",
				"id": "9-9",
				"leaf": true
			}
		]
	}
]
